City_ID,City,Lat,Lng,Max Temp,Humidity,Cloudiness,Wind Speed,Country,Date
0,tiksi,128.8694,71.6872,-9.6,88,100,7.37,RU,2023-10-15 17:29:15
1,tomatlan,-105.25,19.9333,30.95,72,79,3.15,MX,2023-10-15 17:35:39
2,blackmans bay,147.3167,-43.0167,8.74,72,56,5.04,AU,2023-10-15 17:35:39
3,gadzhiyevo,33.3362,69.2551,3.9,89,97,5.92,RU,2023-10-15 17:31:12
4,hauterive,3.4459,46.0901,9.42,68,100,2.01,FR,2023-10-15 17:35:40
5,whitehorse,-135.0538,60.7161,9.43,64,40,6.71,CA,2023-10-15 17:31:26
6,bethel,-73.414,41.3712,14.47,66,100,3.09,US,2023-10-15 17:35:41
7,bilibino,166.4372,68.0546,-13.91,97,100,0.71,RU,2023-10-15 17:35:42
8,olonkinbyen,-8.7187,70.9221,0.73,73,91,3.68,SJ,2023-10-15 17:35:42
9,arraial do cabo,-42.0278,-22.9661,22.98,83,75,5.14,BR,2023-10-15 17:31:06
10,grytviken,-36.5092,-54.2811,0.92,90,76,5.31,GS,2023-10-15 17:35:43
11,port-aux-francais,70.2167,-49.35,1.14,67,100,13.1,TF,2023-10-15 17:35:44
12,avarua,-159.775,-21.2078,23.03,68,40,5.66,CK,2023-10-15 17:35:44
13,vadso,29.7487,70.0744,4.09,87,75,5.66,NO,2023-10-15 17:35:45
14,crane,-102.3501,31.3974,21.2,27,0,4.56,US,2023-10-15 17:35:46
15,adamstown,-130.1015,-25.066,21.99,80,55,3.78,PN,2023-10-15 17:35:46
16,west island,96.8225,-12.1568,24.99,78,40,5.66,CC,2023-10-15 17:35:47
17,iqaluit,-68.5145,63.7506,-0.15,69,75,6.17,CA,2023-10-15 17:35:47
18,udachny,112.4,66.4167,-4.75,92,100,3.52,RU,2023-10-15 17:35:47
19,edinburgh of the seven seas,-12.3116,-37.0676,12.09,83,84,13.3,SH,2023-10-15 17:35:48
20,howard springs,131.047,-12.497,23.95,65,23,0.98,AU,2023-10-15 17:35:48
21,muisne,-80.0333,0.6,25.26,81,94,3.02,EC,2023-10-15 17:35:49
22,aasiaat,-52.8699,68.7098,-5.68,73,100,1.55,GL,2023-10-15 17:35:49
23,nafada,11.3327,11.0956,30.09,30,95,0.39,NG,2023-10-15 17:35:50
24,invercargill,168.35,-46.4,7.79,81,100,3.58,NZ,2023-10-15 17:35:50
25,weno,151.8468,7.4515,27.97,83,100,4.63,FM,2023-10-15 17:35:51
26,ushuaia,-68.3,-54.8,6.81,65,40,10.8,AR,2023-10-15 17:35:21
27,kismayo,42.5454,-0.3582,25.83,88,63,4.28,SO,2023-10-15 17:31:09
28,carauari,-66.8958,-4.8828,29.33,62,75,0.52,BR,2023-10-15 17:35:52
29,igarka,86.5833,67.4667,1.18,100,100,0.72,RU,2023-10-15 17:35:53
30,dyurtyuli,54.8688,55.4911,10.96,83,98,7.08,RU,2023-10-15 17:35:53
31,papatowai,169.4708,-46.5619,9.7,60,77,3.87,NZ,2023-10-15 17:35:54
32,margaret river,115.0667,-33.95,16.54,58,100,5.24,AU,2023-10-15 17:35:54
33,kodiak,-152.4072,57.79,8.73,93,100,6.69,US,2023-10-15 17:35:55
34,kolonia town,158.206,6.964,29.06,83,40,2.06,FM,2023-10-15 17:35:55
35,montepuez,38.9997,-13.1256,23.17,81,20,3.14,MZ,2023-10-15 17:35:56
36,hengchun,120.7439,22.0042,24.79,76,98,8.32,TW,2023-10-15 17:35:56
37,afaahiti,-149.2833,-17.75,27.93,78,66,3.39,PF,2023-10-15 17:35:57
38,waitangi,-176.5597,-43.9535,12.68,77,26,5.36,NZ,2023-10-15 17:35:57
39,darende,37.5058,38.5458,13.51,76,100,0.57,TR,2023-10-15 17:35:58
40,utrik,169.8474,11.2278,28.1,75,11,5.33,MH,2023-10-15 17:35:58
41,naqadeh,45.388,36.9553,15.22,51,15,0.53,IR,2023-10-15 17:35:59
42,cabo san lucas,-109.9124,22.8909,33.67,66,0,6.69,MX,2023-10-15 17:35:13
43,iskateley,53.1512,67.6803,0.57,87,100,8.94,RU,2023-10-15 17:36:00
44,enewetak,162.3373,11.3474,28.49,76,94,4.87,MH,2023-10-15 17:33:51
45,fatehpur,80.8,25.9333,25.07,53,31,1.8,IN,2023-10-15 17:36:01
46,jamestown,-79.2353,42.097,8.77,95,100,5.14,US,2023-10-15 17:32:05
47,salmon arm,-119.3024,50.6998,20.73,52,14,2.06,CA,2023-10-15 17:31:07
48,kavaratti,72.642,10.5669,27.57,72,78,2.73,IN,2023-10-15 17:36:02
49,bangassou,22.8184,4.7413,20.37,96,100,0.85,CF,2023-10-15 17:36:03
50,concepcion,-73.0498,-36.827,13.89,67,0,9.77,CL,2023-10-15 17:36:03
51,changling,124.0005,44.2653,2.19,33,0,3.22,CN,2023-10-15 17:36:04
52,egilsstadir,-14.3948,65.2653,-0.05,93,100,1.03,IS,2023-10-15 17:36:04
53,rielasingen-worblingen,8.8401,47.7347,9.12,73,82,1.8,DE,2023-10-15 17:36:05
54,boyes hot springs,-122.4819,38.3138,30.03,44,0,3.6,US,2023-10-15 17:36:05
55,port mathurin,63.4167,-19.6833,23.37,84,19,5.13,MU,2023-10-15 17:36:06
56,oasis,-116.0989,33.4659,36.94,12,0,0.89,US,2023-10-15 17:36:06
57,moranbah,148.0466,-22.0016,22.32,53,7,0.81,AU,2023-10-15 17:36:07
58,puerto ayora,-90.3518,-0.7393,28.98,89,92,3.13,EC,2023-10-15 17:36:07
59,sitka,-135.33,57.0531,11.94,87,100,2.57,US,2023-10-15 17:31:27
60,yellowknife,-114.3525,62.456,9.67,87,40,7.2,CA,2023-10-15 17:35:01
61,howrah,88.3103,22.5892,26.0,89,20,0.0,IN,2023-10-15 17:36:09
62,thames,175.5333,-37.1333,16.64,60,76,1.87,NZ,2023-10-15 17:36:09
63,puerto natales,-72.4875,-51.7236,5.76,86,50,3.92,CL,2023-10-15 17:36:09
64,kone,164.8658,-21.0595,26.07,67,87,3.88,NC,2023-10-15 17:36:10
65,quebo,-14.9333,11.3333,25.87,90,93,1.72,GW,2023-10-15 17:36:10
66,dalbandin,64.4101,28.8947,21.41,40,19,0.8,PK,2023-10-15 17:36:11
67,saint-pierre,55.4781,-21.3393,22.82,78,0,1.54,RE,2023-10-15 17:36:11
68,bandon,-8.7425,51.7469,8.77,80,100,2.13,IE,2023-10-15 17:36:12
69,kenai,-151.2583,60.5544,6.75,88,100,7.72,US,2023-10-15 17:36:12
70,fortuna,-124.1573,40.5982,22.74,79,0,3.6,US,2023-10-15 17:36:13
71,road town,-64.6167,18.4167,30.02,70,20,2.57,VG,2023-10-15 17:32:37
72,sodankyla,26.6,67.4167,0.52,99,100,2.21,FI,2023-10-15 17:36:14
73,wailua homesteads,-159.378,22.0669,29.24,64,20,6.69,US,2023-10-15 17:33:20
74,singaraja,115.0882,-8.112,25.36,77,18,1.23,ID,2023-10-15 17:36:14
75,kingston,-76.7936,17.997,31.53,76,20,3.6,JM,2023-10-15 17:33:52
76,akureyri,-18.0878,65.6835,4.96,81,100,0.0,IS,2023-10-15 17:36:16
77,quellon,-73.6167,-43.1167,9.11,83,90,2.07,CL,2023-10-15 17:33:56
78,ingeniero jacobacci,-69.5448,-41.3427,13.14,27,28,7.14,AR,2023-10-15 17:36:17
79,cadale,46.3222,2.7603,26.42,85,72,4.86,SO,2023-10-15 17:36:17
80,flying fish cove,105.6791,-10.4217,25.82,88,75,4.63,CX,2023-10-15 17:36:18
81,chonchi,-73.8092,-42.6128,11.18,82,82,1.18,CL,2023-10-15 17:36:18
82,labuan,115.2417,5.2767,27.2,88,20,0.0,MY,2023-10-15 17:36:18
83,palmer,-72.3287,42.1584,13.34,60,95,0.89,US,2023-10-15 17:32:36
84,maxixe,35.3472,-23.8597,20.58,81,100,3.06,MZ,2023-10-15 17:36:19
85,uturoa,-151.4333,-16.7333,25.83,74,2,4.17,PF,2023-10-15 17:36:20
86,hami,93.45,42.8,12.73,39,38,3.81,CN,2023-10-15 17:29:07
87,cedar city,-113.0619,37.6775,24.11,21,0,2.06,US,2023-10-15 17:32:48
88,oranjemund,16.4333,-28.55,16.16,74,0,2.18,NA,2023-10-15 17:36:22
89,dudinka,86.1778,69.4058,-6.85,91,31,3.58,RU,2023-10-15 17:36:22
90,monticello,-93.7941,45.3055,16.23,60,0,5.66,US,2023-10-15 17:36:23
91,yokadouma,15.05,3.5167,19.81,99,100,0.14,CM,2023-10-15 17:36:23
92,hermanus,19.2345,-34.4187,15.66,90,19,4.26,ZA,2023-10-15 17:36:24
93,thompson,-97.8558,55.7435,14.09,54,20,1.03,CA,2023-10-15 17:36:24
94,cumbal,-77.7915,0.9088,13.06,72,75,5.14,CO,2023-10-15 17:33:25
95,vilyuysk,121.6247,63.7553,-5.46,82,83,2.24,RU,2023-10-15 17:36:25
96,nadym,72.5167,65.5333,-0.21,83,100,3.85,RU,2023-10-15 17:36:26
97,atafu village,-172.5159,-8.5421,28.17,78,99,9.01,TK,2023-10-15 17:36:26
98,tagta,59.9164,41.6504,4.97,70,0,3.09,TM,2023-10-15 17:36:27
99,isafjordur,-23.124,66.0755,4.0,99,100,5.63,IS,2023-10-15 17:36:27
100,barra de santo antonio,-35.5072,-9.4047,26.6,75,53,4.81,BR,2023-10-15 17:36:28
101,keflavik,-22.5624,64.0049,8.24,87,75,6.69,IS,2023-10-15 17:36:28
102,college,-147.8028,64.8569,5.67,89,75,2.06,US,2023-10-15 17:36:29
103,saipan,145.701,15.1355,26.39,94,0,2.06,MP,2023-10-15 17:36:29
104,anadyr,177.4833,64.75,0.28,93,40,1.0,RU,2023-10-15 17:36:30
105,ambositra,47.25,-20.5167,16.5,78,2,1.06,MG,2023-10-15 17:36:30
106,hwado,127.3075,37.6525,11.38,72,0,0.16,KR,2023-10-15 17:36:31
107,north manchester,-85.7686,41.0006,12.39,77,96,5.72,US,2023-10-15 17:36:31
108,port alfred,26.891,-33.5906,16.77,95,100,1.79,ZA,2023-10-15 17:36:32
109,bodo,14.405,67.28,6.08,64,40,9.26,NO,2023-10-15 17:36:32
110,bilmak,36.6511,47.3624,10.25,76,0,2.25,UA,2023-10-15 17:36:32
111,bereznik,42.7072,62.8551,7.26,77,92,5.85,RU,2023-10-15 17:36:33
112,remire-montjoly,-52.2667,4.9167,29.02,74,0,3.6,GF,2023-10-15 17:36:33
113,longyearbyen,15.6401,78.2186,-0.09,69,75,10.29,SJ,2023-10-15 17:36:19
114,port isabel,-97.2086,26.0734,26.13,50,0,6.69,US,2023-10-15 17:36:34
115,punta arenas,-70.9167,-53.15,9.06,61,40,12.86,CL,2023-10-15 17:36:35
116,khandyga,135.6,62.6667,-17.51,98,95,1.09,RU,2023-10-15 17:36:35
117,hamilton,-84.5333,39.1834,13.21,64,81,3.13,US,2023-10-15 17:35:30
118,georgetown,100.3354,5.4112,26.96,89,20,1.03,MY,2023-10-15 17:36:36
119,troitskiy,63.7481,57.0603,9.28,86,100,5.48,RU,2023-10-15 17:36:37
120,sweetwater,-80.3731,25.7634,31.68,60,40,6.17,US,2023-10-15 17:32:01
121,pendleton,-118.7886,45.6721,24.42,49,0,2.57,US,2023-10-15 17:32:12
122,port elizabeth,25.5701,-33.918,17.16,95,75,7.72,ZA,2023-10-15 17:36:38
123,pont rouge,-72.0825,48.8833,14.06,78,99,5.3,CA,2023-10-15 17:36:39
124,saldanha,17.9442,-33.0117,17.03,81,0,5.02,ZA,2023-10-15 17:36:39
125,manokwari,134.0833,-0.8667,26.6,74,99,1.08,ID,2023-10-15 17:35:48
126,greymouth,171.2,-42.4667,11.46,77,89,6.04,NZ,2023-10-15 17:36:40
127,morondava,44.2833,-20.2833,25.46,81,1,2.54,MG,2023-10-15 17:36:40
128,port saint john's,29.5448,-31.6229,18.13,89,100,5.51,ZA,2023-10-15 17:36:41
129,constantia,28.65,44.1833,16.38,73,10,5.14,RO,2023-10-15 17:36:41
130,kununurra,128.7333,-15.7667,15.99,72,58,0.0,AU,2023-10-15 17:36:42
131,arteche,125.4048,12.2645,26.01,86,37,0.59,PH,2023-10-15 17:36:42
132,east london,27.9116,-33.0153,18.23,85,100,9.49,ZA,2023-10-15 17:36:43
133,tres de maio,-54.24,-27.7733,23.35,86,25,3.41,BR,2023-10-15 17:34:15
134,alice springs,133.8833,-23.7,16.75,29,0,2.06,AU,2023-10-15 17:36:38
135,perryton,-100.8027,36.4,18.44,38,0,3.09,US,2023-10-15 17:33:17
136,erenhot,111.9767,43.6475,5.87,33,0,3.34,CN,2023-10-15 17:35:06
137,prabumulih,104.25,-3.45,22.9,93,18,1.6,ID,2023-10-15 17:36:45
138,trail,-117.7022,49.0998,19.97,48,48,0.79,CA,2023-10-15 17:36:46
139,qaqortoq,-46.0333,60.7167,3.14,87,86,1.18,GL,2023-10-15 17:36:46
140,lebu,-73.65,-37.6167,10.68,68,3,8.83,CL,2023-10-15 17:32:21
141,glace bay,-59.957,46.1969,13.25,83,75,3.09,CA,2023-10-15 17:36:47
142,jinchang,102.1739,38.4953,10.85,21,18,1.28,CN,2023-10-15 17:36:48
143,richards bay,32.0377,-28.783,18.92,87,100,1.7,ZA,2023-10-15 17:36:48
144,enriquillo,-71.2333,17.9,30.82,77,75,2.05,DO,2023-10-15 17:36:49
145,turabah,41.6331,21.2141,22.77,29,2,1.6,SA,2023-10-15 17:36:49
146,mahina,-149.489,-17.5065,28.87,65,20,3.6,PF,2023-10-15 17:36:49
147,bubaque,-15.8333,11.2833,28.22,83,97,6.73,GW,2023-10-15 17:36:50
148,albany,-73.9662,42.6001,11.76,80,100,4.68,US,2023-10-15 17:36:50
149,sao joao da barra,-41.0511,-21.6403,24.05,91,100,3.34,BR,2023-10-15 17:36:51
150,tura,90.2201,25.5198,19.79,87,12,1.61,IN,2023-10-15 17:36:51
151,bredasdorp,20.0403,-34.5322,14.97,97,31,1.57,ZA,2023-10-15 17:35:31
152,lompoc,-120.4579,34.6391,31.68,66,0,7.6,US,2023-10-15 17:36:52
153,isangel,169.2667,-19.55,27.06,78,40,5.14,VU,2023-10-15 17:34:15
154,alaghsas,8.0168,17.0187,29.82,14,0,6.72,NE,2023-10-15 17:36:53
155,celestun,-90.4,20.8667,27.0,84,66,8.5,MX,2023-10-15 17:36:54
156,westport,-73.3579,41.1415,15.31,63,0,6.17,US,2023-10-15 17:35:26
157,nampula,39.2666,-15.1165,24.97,78,0,4.12,MZ,2023-10-15 17:36:55
158,bentiu,29.8333,9.2333,21.8,87,100,2.53,SS,2023-10-15 17:36:55
159,ust-nera,143.2,64.5667,-16.55,99,82,1.79,RU,2023-10-15 17:33:58
160,mangaratiba,-44.0406,-22.9597,24.48,94,94,2.01,BR,2023-10-15 17:36:56
161,namibe,12.1522,-15.1961,18.42,75,30,2.17,AO,2023-10-15 17:36:57
162,veinticinco de mayo,-60.1727,-35.4323,23.32,44,0,3.58,AR,2023-10-15 17:36:57
163,ribeira grande,-28.7,38.5167,22.65,91,100,12.07,PT,2023-10-15 17:36:58
164,tazovsky,78.7,67.4667,1.05,98,100,1.25,RU,2023-10-15 17:36:58
165,conceicao da barra,-39.7322,-18.5933,24.63,80,13,2.46,BR,2023-10-15 17:33:36
166,beberibe,-38.1306,-4.1797,26.0,79,51,6.17,BR,2023-10-15 17:36:59
167,usinsk,57.5281,65.9939,2.26,99,100,7.15,RU,2023-10-15 17:36:59
168,new norfolk,147.0587,-42.7826,9.4,70,65,3.12,AU,2023-10-15 17:37:00
169,ayutla de los libres,-99.2167,16.9,27.04,88,95,1.94,MX,2023-10-15 17:37:00
170,santa ana,-117.8678,33.7456,37.45,41,0,3.6,US,2023-10-15 17:35:15
171,shanhecun,127.2,44.7,1.16,51,0,2.86,CN,2023-10-15 17:37:01
172,tafuna,-170.72,-14.3358,29.97,62,75,7.2,AS,2023-10-15 17:37:02
173,stanley,-1.6985,54.868,5.29,88,0,2.06,GB,2023-10-15 17:33:24
174,larache,-6.1557,35.1932,20.69,77,71,0.5,MA,2023-10-15 17:37:03
175,forster,152.5167,-32.1667,20.72,55,4,1.59,AU,2023-10-15 17:37:03
176,nabire,135.4833,-3.3667,25.43,86,27,1.23,ID,2023-10-15 17:37:04
177,newman,-121.0208,37.3138,30.13,10,4,1.12,US,2023-10-15 17:37:04
178,vrangel',133.0839,42.7297,8.21,46,0,5.28,RU,2023-10-15 17:37:04
179,northam,-4.2167,51.0333,6.45,75,100,4.15,GB,2023-10-15 17:37:05
180,prince rupert,-130.3201,54.3161,13.05,100,100,7.2,CA,2023-10-15 17:37:05
181,dompu,118.4622,-8.5356,23.83,94,13,1.37,ID,2023-10-15 17:37:06
182,turpan,89.1667,42.9333,15.63,36,14,0.9,CN,2023-10-15 17:37:06
183,lihue,-159.3672,21.9789,29.58,63,20,6.69,US,2023-10-15 17:37:07
184,haiku-pauwela,-156.3051,20.9219,28.43,70,0,6.17,US,2023-10-15 17:37:07
185,oamaru,170.9801,-45.0784,12.99,54,9,0.45,NZ,2023-10-15 17:37:08
186,hammerfest,23.6821,70.6634,4.25,87,75,10.8,NO,2023-10-15 17:37:08
187,talnakh,88.3972,69.4865,-8.77,93,24,0.73,RU,2023-10-15 17:37:09
188,carnarvon,113.6333,-24.8667,25.79,28,4,5.69,AU,2023-10-15 17:37:10
189,vilyuchinsk,158.4028,52.9306,8.15,97,100,2.31,RU,2023-10-15 17:37:10
190,tolanaro,46.9987,-25.0319,23.04,83,75,4.12,MG,2023-10-15 17:37:11
191,sisimiut,-53.6735,66.9395,-2.02,66,100,4.64,GL,2023-10-15 17:37:11
192,st. john's,-52.7093,47.5649,12.66,81,75,3.6,CA,2023-10-15 17:37:12
193,camana,-72.7111,-16.6228,20.14,75,68,2.34,PE,2023-10-15 17:37:12
194,gokwe,28.9349,-18.2048,20.79,68,96,3.89,ZW,2023-10-15 17:37:13
195,sao vicente,-46.3919,-23.9631,23.1,67,100,1.34,BR,2023-10-15 17:37:13
196,maych'ew,39.5422,12.7875,13.48,52,6,3.39,ET,2023-10-15 17:37:14
197,pontes e lacerda,-59.3353,-15.2261,29.96,47,95,0.42,BR,2023-10-15 17:37:15
198,kabinda,24.4833,-6.1333,20.16,81,100,0.97,CD,2023-10-15 17:37:15
199,alta,23.2717,69.9689,4.59,85,75,13.89,NO,2023-10-15 17:37:15
200,ribeira brava,-17.0667,32.65,27.06,63,100,2.51,PT,2023-10-15 17:37:16
201,auki,160.7034,-8.7676,28.78,70,60,0.48,SB,2023-10-15 17:37:16
202,mili,171.735,6.0815,28.51,72,100,3.47,MH,2023-10-15 17:37:17
203,ta`u,-169.5144,-14.2336,26.39,78,59,8.6,AS,2023-10-15 17:37:17
204,rawson,-65.1023,-43.3002,11.98,57,99,6.71,AR,2023-10-15 17:37:18
205,kralendijk,-68.2667,12.15,31.99,70,40,7.2,BQ,2023-10-15 17:33:12
206,la passe,-0.8967,45.5549,13.13,49,100,7.19,FR,2023-10-15 17:37:19
207,san jose,-121.895,37.3394,31.61,42,20,26.82,US,2023-10-15 17:35:25
208,candelaria,121.4233,13.9311,24.12,96,100,2.58,PH,2023-10-15 17:37:20
209,isla del bosque,-105.85,22.7333,30.65,69,29,4.02,MX,2023-10-15 17:37:21
210,mwene-ditu,23.45,-7.0,18.7,88,98,1.23,CD,2023-10-15 17:37:21
211,zouerate,-12.4521,22.7187,30.23,16,55,3.33,MR,2023-10-15 17:37:22
212,griffith,-87.4237,41.5284,14.58,70,75,7.2,US,2023-10-15 17:36:55
213,sakaiminato,133.2333,35.55,13.99,100,75,0.51,JP,2023-10-15 17:37:23
214,buala,159.5921,-8.145,28.22,77,100,1.4,SB,2023-10-15 17:37:23
215,happy valley-goose bay,-60.3315,53.3168,8.17,87,100,4.63,CA,2023-10-15 17:35:20
216,oyo,3.9333,7.85,22.93,96,96,1.93,NG,2023-10-15 17:37:24
217,kayangel,134.7173,8.0823,28.08,77,67,3.47,PW,2023-10-15 17:37:25
218,brisas de zicatela,-97.0419,15.8369,30.29,51,75,1.03,MX,2023-10-15 17:37:26
219,la foa,165.8276,-21.7108,24.82,69,100,3.33,NC,2023-10-15 17:37:26
220,mae sot,98.5667,16.7167,22.01,98,84,0.75,TH,2023-10-15 17:37:26
221,kaoma,24.8,-14.7833,20.51,63,61,1.94,ZM,2023-10-15 17:37:27
222,kuvshinovo,34.1725,57.0295,7.43,75,93,4.07,RU,2023-10-15 17:37:27
223,rongelap,166.8941,11.1635,28.23,76,30,6.12,MH,2023-10-15 17:37:28
224,puerto deseado,-65.8938,-47.7503,8.84,57,5,2.71,AR,2023-10-15 17:37:29
225,gediz,29.41,39.0417,13.06,57,0,0.47,TR,2023-10-15 17:37:30
226,at taj,23.2857,24.2049,21.36,28,2,4.37,LY,2023-10-15 17:37:30
227,port lincoln,135.8667,-34.7333,12.95,65,44,7.57,AU,2023-10-15 17:37:31
228,karratha,116.8463,-20.7377,27.26,43,8,3.89,AU,2023-10-15 17:33:55
229,colonia,6.95,50.9333,8.31,86,0,0.51,DE,2023-10-15 17:33:00
230,salekhard,66.6019,66.53,-0.51,98,100,4.57,RU,2023-10-15 17:37:32
231,puerto aysen,-72.7,-45.4,8.03,95,92,1.56,CL,2023-10-15 17:37:33
232,aykhal,111.5,66.0,-7.18,85,100,2.24,RU,2023-10-15 17:37:33
233,yacimiento rio turbio,-72.3508,-51.5732,3.04,80,41,3.72,AR,2023-10-15 17:37:34
234,port blair,92.75,11.6667,25.02,100,20,0.0,IN,2023-10-15 17:37:34
235,fale old settlement,-171.2468,-9.3852,28.51,73,34,9.74,TK,2023-10-15 17:37:35
236,namsos,11.4957,64.4662,5.03,70,40,5.14,NO,2023-10-15 17:37:35
237,karpinsk,60.0085,59.7654,7.6,92,100,3.94,RU,2023-10-15 17:37:36
238,pisco,-76.2167,-13.7,22.03,68,0,4.12,PE,2023-10-15 17:37:36
239,revda,59.9303,56.801,7.88,85,100,6.16,RU,2023-10-15 17:37:37
240,hawaiian paradise park,-154.9731,19.5933,29.73,75,20,4.63,US,2023-10-15 17:37:37
241,papao,-149.55,-17.75,28.82,79,31,4.75,PF,2023-10-15 17:37:38
242,leua,18.6071,48.2156,9.72,54,33,5.18,SK,2023-10-15 17:37:38
243,vanino,140.2543,49.0869,7.74,80,100,2.18,RU,2023-10-15 17:37:39
244,nar'yan-mar,53.087,67.6713,0.62,87,100,8.94,RU,2023-10-15 17:33:56
245,curvelo,-44.4308,-18.7564,28.19,49,51,5.79,BR,2023-10-15 17:37:40
246,kulunda,78.9385,52.566,4.33,73,18,3.01,RU,2023-10-15 17:37:41
247,gao,1.637,16.6362,31.98,15,81,2.7,ML,2023-10-15 17:37:41
248,ndola,28.6366,-12.9587,26.35,34,97,1.1,ZM,2023-10-15 17:37:42
249,saint-philippe,55.7679,-21.3585,22.77,84,38,2.28,RE,2023-10-15 17:37:42
250,ilulissat,-51.1,69.2167,-6.99,86,100,12.86,GL,2023-10-15 17:37:43
251,lazaro cardenas,-102.2,17.9583,27.29,85,97,1.73,MX,2023-10-15 17:37:43
252,imbituba,-48.6703,-28.24,17.89,92,60,5.42,BR,2023-10-15 17:37:44
253,hadibu,54.0333,12.65,26.5,77,44,1.5,YE,2023-10-15 17:37:44
254,kidal,1.4078,18.4411,30.02,13,54,0.13,ML,2023-10-15 17:37:45
255,miles city,-105.8406,46.4083,17.54,45,0,2.57,US,2023-10-15 17:37:45
256,senahu,-89.8333,15.4,21.08,92,83,0.81,GT,2023-10-15 17:37:46
257,lensk,114.9278,60.7253,2.62,72,100,2.24,RU,2023-10-15 17:37:46
258,kartaly,60.6467,53.0522,9.45,56,77,7.15,RU,2023-10-15 17:37:47
259,deqen,90.7188,29.9618,2.87,66,79,1.53,CN,2023-10-15 17:37:47
260,port augusta,137.7667,-32.5,14.54,72,21,7.42,AU,2023-10-15 17:37:48
261,dickinson,-95.0513,29.4608,23.37,49,0,8.23,US,2023-10-15 17:37:48
262,maneromango,38.7848,-7.1988,21.56,98,27,1.63,TZ,2023-10-15 17:37:49
263,mount pearl,-52.7813,47.5166,12.2,81,75,3.6,CA,2023-10-15 17:37:28
264,las heras,-68.9359,-46.5419,15.26,24,89,5.7,AR,2023-10-15 17:37:50
265,ayr,-4.6339,55.4627,5.73,100,20,2.57,GB,2023-10-15 17:34:34
266,san antonio de pale,5.6325,-1.4014,26.02,82,96,6.6,GQ,2023-10-15 17:37:51
267,tuy hoa,109.3,13.0833,24.34,89,97,1.92,VN,2023-10-15 17:37:52
268,krutinka,71.5113,56.0055,4.56,75,26,5.24,RU,2023-10-15 17:37:52
269,lethem,-59.7968,3.3803,28.43,67,99,1.51,GY,2023-10-15 17:37:53
270,opuwo,13.84,-18.0607,21.33,26,83,2.43,NA,2023-10-15 17:37:53
271,petropavlovsk-kamchatsky,158.6483,53.0452,7.33,88,75,2.24,RU,2023-10-15 17:36:48
272,dawson creek,-120.2362,55.7666,15.8,48,0,6.69,CA,2023-10-15 17:37:54
273,nikolayevsk-on-amure,140.73,53.1406,8.62,94,100,1.32,RU,2023-10-15 17:37:54
274,nemuro,145.575,43.3236,14.54,70,100,5.55,JP,2023-10-15 17:37:55
275,edd,41.6925,13.9297,30.67,53,4,3.77,ER,2023-10-15 17:37:55
276,ust'-ilimsk,102.6619,58.0006,4.69,86,100,2.24,RU,2023-10-15 17:34:38
277,ayorou,0.9174,14.7308,33.31,19,17,4.23,NE,2023-10-15 17:37:56
278,sechura,-80.8222,-5.5569,24.84,62,62,7.38,PE,2023-10-15 17:37:57
279,cromer,1.2989,52.9312,5.08,66,60,4.05,GB,2023-10-15 17:37:57
280,inhambane,35.3833,-23.865,21.03,79,100,3.55,MZ,2023-10-15 17:37:58
281,conde,-34.9075,-7.2597,25.7,73,20,5.66,BR,2023-10-15 17:36:14
282,kiratu,35.6667,-3.3333,19.61,74,98,2.74,TZ,2023-10-15 17:37:59
283,kideksha,40.5167,56.4167,9.82,84,98,3.66,RU,2023-10-15 17:37:59
284,kourou,-52.6478,5.1552,29.03,79,74,5.4,GF,2023-10-15 17:38:00
285,turkmenbasy,52.9552,40.0222,10.43,66,0,2.06,TM,2023-10-15 17:38:00
286,darwin,130.8418,-12.4611,23.99,94,0,0.0,AU,2023-10-15 17:37:03
287,oroqen zizhiqi,123.7167,50.5667,0.53,46,1,4.67,CN,2023-10-15 17:38:01
288,tsiombe,45.4833,-25.3,19.09,85,20,1.53,MG,2023-10-15 17:38:02
289,makungu,35.2833,-8.7333,18.09,96,44,1.01,TZ,2023-10-15 17:38:02
290,vorgashor,63.95,67.5833,-0.94,97,100,5.83,RU,2023-10-15 17:38:03
291,abalak,68.5944,58.1286,3.53,83,96,4.1,RU,2023-10-15 17:38:03
292,porto novo,2.6036,6.4965,27.9,85,100,2.29,BJ,2023-10-15 17:38:04
293,badger,-147.5333,64.8,5.63,89,40,2.06,US,2023-10-15 17:38:04
294,codrington,141.9667,-38.2667,10.48,65,91,10.19,AU,2023-10-15 17:38:05
295,ponta delgada,-25.6667,37.7333,23.4,88,75,11.83,PT,2023-10-15 17:38:05
296,igurubi,33.7,-4.0,27.76,41,61,5.31,TZ,2023-10-15 17:38:06
297,navlya,34.4989,52.8281,8.37,91,100,1.77,RU,2023-10-15 17:38:06
298,arenas de san pedro,-5.0869,40.2104,16.31,82,100,1.0,ES,2023-10-15 17:38:07
299,bel ombre,55.4167,-4.6167,26.97,80,16,7.67,SC,2023-10-15 17:38:07
300,piacabucu,-36.4344,-10.4056,24.09,78,17,5.08,BR,2023-10-15 17:38:08
301,dori,-0.0345,14.0354,33.2,20,15,2.72,BF,2023-10-15 17:38:08
302,hithadhoo,73.0833,-0.6,27.58,76,23,7.6,MV,2023-10-15 17:38:09
303,thief river falls,-96.1812,48.1191,15.96,44,0,7.2,US,2023-10-15 17:38:10
304,sola,167.55,-13.8833,28.37,84,75,0.0,VU,2023-10-15 17:38:10
305,itoman,127.6694,26.1247,24.01,79,40,3.6,JP,2023-10-15 17:38:11
306,amga,131.9608,60.8953,-7.23,70,8,0.89,RU,2023-10-15 17:38:11
307,souillac,57.5167,-20.5167,20.21,88,20,2.06,MU,2023-10-15 17:38:12
308,hirara,125.2833,24.8,25.15,57,100,6.69,JP,2023-10-15 17:38:13
309,zaozersk,32.4476,69.4005,2.84,90,97,4.75,RU,2023-10-15 17:38:13
310,andovoranto,49.1,-18.95,23.54,89,96,3.24,MG,2023-10-15 17:38:14
311,ulsteinvik,5.8487,62.3432,7.64,79,100,4.02,NO,2023-10-15 17:38:14
312,lashio,97.75,22.9333,15.36,98,4,0.53,MM,2023-10-15 17:38:15
313,san rafael del sur,-86.4384,11.8485,27.54,85,100,3.14,NI,2023-10-15 17:38:15
314,san pedro del parana,-56.2,-26.8333,25.22,81,57,2.78,PY,2023-10-15 17:38:16
315,margate,1.3862,51.3813,9.3,59,71,2.71,GB,2023-10-15 17:38:16
316,kaitong,123.15,44.8135,3.04,32,0,3.51,CN,2023-10-15 17:38:17
317,mount isa,139.5,-20.7333,23.87,22,18,6.69,AU,2023-10-15 17:38:17
318,masterton,175.6575,-40.9597,14.38,52,92,5.68,NZ,2023-10-15 17:38:17
319,tulun,100.5792,54.5611,2.53,97,100,3.6,RU,2023-10-15 17:38:18
320,kamina,24.9906,-8.7386,19.33,89,85,2.73,CD,2023-10-15 17:38:18
321,stilfontein,26.7683,-26.8449,15.39,81,56,4.97,ZA,2023-10-15 17:38:19
322,mochudi,26.15,-24.4167,19.04,76,29,5.59,BW,2023-10-15 17:38:19
323,tibro,14.1616,58.4245,2.09,87,38,1.7,SE,2023-10-15 17:38:20
324,rio grande,-52.0986,-32.035,20.06,87,40,8.83,BR,2023-10-15 17:38:20
325,cidreira,-50.2056,-30.1811,18.22,86,12,10.12,BR,2023-10-15 17:38:21
326,thunder bay,-89.3168,48.4001,8.99,71,75,5.14,CA,2023-10-15 17:38:21
327,rajbiraj,86.75,26.5333,22.0,80,65,2.99,NP,2023-10-15 17:38:22
328,topolobampo,-109.05,25.6,33.95,43,0,6.17,MX,2023-10-15 17:38:22
329,jilib,42.7854,0.4883,24.84,90,85,2.51,SO,2023-10-15 17:38:23
330,ocean shores,-124.1563,46.9737,15.57,93,100,1.79,US,2023-10-15 17:38:23
331,minas de marcona,-75.1103,-15.2119,17.1,70,18,5.36,PE,2023-10-15 17:38:24
332,kotli,73.9167,33.5167,17.94,57,100,2.18,PK,2023-10-15 17:38:24
333,mejit,170.8646,10.2753,28.01,75,18,4.76,MH,2023-10-15 17:38:25
334,klyuchi,79.1667,52.2667,4.2,77,20,2.96,RU,2023-10-15 17:38:25
335,yeniseysk,92.1703,58.4497,6.08,70,100,2.24,RU,2023-10-15 17:38:26
336,port sudan,37.2164,19.6175,27.87,70,0,5.36,SD,2023-10-15 17:38:26
337,onega,38.1404,63.9061,4.3,78,65,6.71,RU,2023-10-15 17:38:27
338,rabo de peixe,-25.5833,37.8,22.73,99,75,11.83,PT,2023-10-15 17:38:27
339,hasaki,140.8333,35.7333,12.22,64,0,1.3,JP,2023-10-15 17:38:28
340,ribas do rio pardo,-53.7592,-20.4431,28.2,53,82,2.01,BR,2023-10-15 17:38:28
341,huarmey,-78.1522,-10.0681,20.76,81,68,4.15,PE,2023-10-15 17:38:29
342,luganville,167.1667,-15.5333,26.91,82,81,4.95,VU,2023-10-15 17:38:29
343,petauke,31.3253,-14.2426,26.39,48,85,4.67,ZM,2023-10-15 17:38:30
344,yarmouth,-70.2286,41.7057,15.03,72,0,5.36,US,2023-10-15 17:38:30
345,praia da vitoria,-27.0667,38.7333,22.64,88,40,16.52,PT,2023-10-15 17:37:13
346,labrador city,-66.9114,52.9463,4.95,87,100,7.72,CA,2023-10-15 17:34:15
347,talikota,76.3167,16.4833,25.28,59,95,3.7,IN,2023-10-15 17:38:32
348,mukalla,49.1242,14.5425,26.3,79,67,1.34,YE,2023-10-15 17:38:32
349,ola,151.2833,59.5833,1.34,67,100,2.98,RU,2023-10-15 17:37:56
350,susuman,148.1667,62.7833,-9.45,83,100,0.89,RU,2023-10-15 17:38:33
351,imperatriz,-47.4917,-5.5264,34.03,49,20,0.0,BR,2023-10-15 17:38:33
352,pedernales,-71.744,18.0384,28.42,78,80,0.61,DO,2023-10-15 17:38:34
353,faya-largeau,19.1043,17.9257,29.34,21,34,5.67,TD,2023-10-15 17:38:34
354,san fernando de apure,-67.4724,7.8878,26.34,88,42,2.34,VE,2023-10-15 17:38:35
355,okakarara,17.4333,-20.5833,19.28,14,100,4.61,NA,2023-10-15 17:38:35
356,verkhniy mamon,40.3832,50.1635,10.76,55,0,3.53,RU,2023-10-15 17:38:36
357,boonville,-92.7432,38.9736,13.74,62,100,3.6,US,2023-10-15 17:38:37
358,ancud,-73.8203,-41.8697,10.06,77,46,3.31,CL,2023-10-15 17:33:58
359,fairfield,-73.3162,41.2668,14.4,63,100,6.17,US,2023-10-15 17:38:38
360,zaltan,11.8665,32.947,23.31,53,0,3.99,LY,2023-10-15 17:38:38
361,nova xavantina,-52.35,-14.6667,30.45,44,48,0.6,BR,2023-10-15 17:38:39
362,al hamul,31.1477,31.3115,21.05,67,0,2.75,EG,2023-10-15 17:38:39
363,concepcion del oro,-101.4167,24.6333,22.24,38,50,1.97,MX,2023-10-15 17:38:40
364,arboletes,-76.4269,8.8505,28.84,78,42,2.53,CO,2023-10-15 17:38:40
365,belyy yar,91.3903,53.6039,5.94,81,0,4.0,RU,2023-10-15 17:38:41
366,argo,22.7333,37.6333,19.3,72,0,1.8,GR,2023-10-15 17:38:41
367,galashiels,-2.807,55.6146,6.4,89,76,2.33,GB,2023-10-15 17:35:40
368,anjar,70.0167,23.1333,25.4,75,0,2.69,IN,2023-10-15 17:38:42
369,qarazhal,70.7903,48.0078,4.97,69,55,1.76,KZ,2023-10-15 17:38:43
370,chernyshevskiy,112.4714,63.0128,-0.28,99,100,2.51,RU,2023-10-15 17:38:43
371,yanaul,54.9309,56.2719,11.85,87,100,6.89,RU,2023-10-15 17:38:44
372,lugovoy,72.7644,42.9472,6.6,50,7,1.65,KZ,2023-10-15 17:38:44
373,la ronge,-105.2842,55.1001,13.14,47,20,6.17,CA,2023-10-15 17:38:45
374,dul'durga,113.5931,50.6761,0.32,63,43,1.21,RU,2023-10-15 17:38:45
375,aliganj,79.1833,27.5,24.88,54,61,2.46,IN,2023-10-15 17:38:45
376,nova sintra,-24.7167,14.8667,24.89,73,100,4.38,CV,2023-10-15 17:38:46
377,bishkek,74.59,42.87,0.11,42,19,0.34,KG,2023-10-15 17:38:46
378,mabaruma,-59.7833,8.2,27.51,80,6,2.85,GY,2023-10-15 17:38:47
379,dryden,-92.7503,49.7833,11.16,62,0,3.09,CA,2023-10-15 17:38:47
380,tokar,37.729,18.4254,29.37,70,48,6.18,SD,2023-10-15 17:38:48
381,qujing,103.7833,25.4833,12.68,93,100,1.17,CN,2023-10-15 17:38:48
382,waingapu,120.2641,-9.6567,24.75,85,24,2.85,ID,2023-10-15 17:38:49
383,dukhan,50.7858,25.4297,29.27,58,0,2.62,QA,2023-10-15 17:38:49
384,juan griego,-63.9655,11.0817,38.07,44,27,5.14,VE,2023-10-15 17:38:50
385,finote selam,37.2667,10.7,14.36,91,89,1.38,ET,2023-10-15 17:38:50
386,kish,54.0194,26.5578,28.15,78,0,0.0,IR,2023-10-15 17:38:51
387,bryne,5.6477,58.7354,6.66,83,75,8.23,NO,2023-10-15 17:38:52
388,vorkuta,64.0,67.5,-0.69,97,100,5.64,RU,2023-10-15 17:38:52
389,abraveses,-7.921,40.6814,15.6,83,100,0.67,PT,2023-10-15 17:38:52
390,sinabang,96.3801,2.4803,25.33,87,99,3.28,ID,2023-10-15 17:38:53
391,jalai nur,117.7,49.45,1.17,50,68,1.76,CN,2023-10-15 17:38:53
392,klintsy,32.2393,52.7602,11.04,71,100,2.87,RU,2023-10-15 17:38:54
393,el jadid,-8.506,33.2549,22.31,77,65,3.04,MA,2023-10-15 17:38:54
394,raduzhny,77.475,62.0961,0.4,94,44,1.95,RU,2023-10-15 17:38:55
395,morteros,-61.9986,-30.7116,28.9,25,70,3.97,AR,2023-10-15 17:38:55
396,kimbe,150.1429,-5.5502,26.02,86,99,0.57,PG,2023-10-15 17:38:56
397,kapuskasing,-82.4331,49.4169,6.0,87,100,7.2,CA,2023-10-15 17:38:57
398,kodinsk,99.1844,58.6881,4.69,91,100,3.15,RU,2023-10-15 17:38:57
399,chibougamau,-74.3659,49.9168,12.79,67,20,6.17,CA,2023-10-15 17:38:58
400,bac lieu,105.7244,9.285,25.4,91,100,2.85,VN,2023-10-15 17:38:58
401,geraldton,114.6,-28.7667,22.23,16,79,4.12,AU,2023-10-15 17:38:59
402,alesund,6.1549,62.4723,7.64,78,40,8.75,NO,2023-10-15 17:39:00
403,ghat,10.1728,24.9647,26.17,20,49,1.91,LY,2023-10-15 17:39:00
404,ponoka,-113.5815,52.6768,19.38,39,25,4.4,CA,2023-10-15 17:39:00
405,olinda,-34.8553,-8.0089,26.85,65,40,6.17,BR,2023-10-15 17:39:01
406,nuku'alofa,-175.2,-21.1333,25.19,73,40,6.17,TO,2023-10-15 17:39:01
407,charters towers,146.2667,-20.1,22.64,62,59,5.61,AU,2023-10-15 17:39:02
408,suncho corral,-63.4294,-27.9336,35.05,25,42,3.1,AR,2023-10-15 17:39:02
409,vaggeryd,14.1484,57.4981,4.13,87,35,1.69,SE,2023-10-15 17:39:03
410,korla,86.1469,41.7597,13.54,37,12,5.57,CN,2023-10-15 17:39:03
411,broken hill,141.4333,-31.95,13.89,67,28,9.01,AU,2023-10-15 17:39:04
412,riviere-du-loup,-69.5342,47.8304,10.15,87,100,6.17,CA,2023-10-15 17:35:13
413,taroa,171.2275,8.7058,28.2,74,23,3.79,MH,2023-10-15 17:39:05
414,vila velha,-40.2925,-20.3297,22.97,99,100,2.57,BR,2023-10-15 17:38:04
415,tromso,18.957,69.6496,4.01,81,75,4.63,NO,2023-10-15 17:34:58
416,nantucket,-70.0995,41.2835,14.08,71,0,7.72,US,2023-10-15 17:39:06
417,ocean acres,-74.281,39.7435,16.01,63,78,0.89,US,2023-10-15 17:39:07
418,tofol,163.0078,5.3248,27.23,79,100,6.41,FM,2023-10-15 17:39:07
419,taoudenni,-3.9836,22.6783,30.34,16,0,3.59,ML,2023-10-15 17:39:08
420,hovd,91.6419,48.0056,1.45,45,46,4.0,MN,2023-10-15 17:39:08
421,noosa heads,153.15,-26.3833,23.52,78,17,5.52,AU,2023-10-15 17:39:09
422,patia,-77.0527,2.069,25.92,74,100,0.25,CO,2023-10-15 17:39:09
423,krasnaya gorbatka,41.7641,55.8703,9.99,85,100,3.03,RU,2023-10-15 17:39:10
424,sagua de tanamo,-75.2414,20.5819,27.74,80,100,0.97,CU,2023-10-15 17:39:10
425,ghanzi,21.7833,-21.5667,24.46,12,100,6.64,BW,2023-10-15 17:39:11
426,caravaca,-1.8634,38.1056,19.51,59,98,1.13,ES,2023-10-15 17:39:11
427,gebeit,36.3167,21.0667,23.59,53,0,2.24,SD,2023-10-15 17:39:12
428,luderitz,15.1594,-26.6481,14.87,80,0,2.9,NA,2023-10-15 17:39:12
429,saint-francois,3.9054,46.4154,7.04,76,0,2.06,FR,2023-10-15 17:39:12
430,ketchikan,-131.6461,55.3422,12.99,94,75,4.12,US,2023-10-15 17:39:13
431,touros,-35.4608,-5.1989,25.36,79,99,8.75,BR,2023-10-15 17:39:13
432,lianyuan,111.6642,27.6883,17.68,64,0,0.4,CN,2023-10-15 17:39:14
433,pallikondai,78.9333,12.9167,23.36,95,89,0.64,IN,2023-10-15 17:39:15
434,el tigre,-64.2454,8.8875,29.8,54,77,1.71,VE,2023-10-15 17:39:16
435,mitu,-70.1733,1.1983,26.27,78,80,1.52,CO,2023-10-15 17:39:16
436,jiexiu,111.9125,37.0244,13.37,30,0,0.7,CN,2023-10-15 17:39:17
437,kerikeri,173.9474,-35.2268,17.73,87,15,0.45,NZ,2023-10-15 17:39:17
438,kudymkar,54.656,59.0173,11.16,92,100,5.36,RU,2023-10-15 17:39:18
439,murun-kuren,100.1625,49.6342,3.81,50,36,4.53,MN,2023-10-15 17:39:18
440,okhotsk,143.3,59.3833,2.29,76,100,4.88,RU,2023-10-15 17:39:19
441,quezon,125.0989,7.7303,22.71,95,55,0.5,PH,2023-10-15 17:39:19
442,tangalle,80.7911,6.024,24.09,86,94,3.22,LK,2023-10-15 17:39:20
443,launceston,147.1667,-41.45,10.08,87,28,0.0,AU,2023-10-15 17:39:20
444,tazacorte,-17.9293,28.629,28.42,39,0,2.68,ES,2023-10-15 17:39:21
445,darhan,105.9228,49.4867,5.88,59,51,3.42,MN,2023-10-15 17:38:19
446,ad dilam,47.1627,23.9915,30.23,14,0,4.18,SA,2023-10-15 17:39:22
447,qom,50.8764,34.6401,19.93,36,22,2.17,IR,2023-10-15 17:39:22
448,al karamah,35.5792,31.9522,23.87,66,0,1.11,JO,2023-10-15 17:39:23
449,mount gambier,140.7667,-37.8333,9.92,64,76,5.98,AU,2023-10-15 17:39:23
450,hotan,79.9269,37.0997,15.48,23,100,1.68,CN,2023-10-15 17:39:24
451,motygino,94.7592,58.1831,5.99,79,100,2.68,RU,2023-10-15 17:39:24
452,fria,-13.5833,10.4167,25.68,93,100,0.73,GN,2023-10-15 17:39:25
453,agri,43.1667,39.6667,11.38,57,79,1.87,TR,2023-10-15 17:39:25
454,malvan,73.4667,16.0667,26.03,86,39,1.77,IN,2023-10-15 17:39:26
455,kiunga,141.2906,-6.1219,24.21,94,100,1.26,PG,2023-10-15 17:39:26
456,crixas,-49.9692,-14.5489,33.5,29,75,2.76,BR,2023-10-15 17:39:27
457,burnie,145.9167,-41.0667,9.14,60,28,6.34,AU,2023-10-15 17:39:27
458,strugi-krasnyye,29.1114,58.2675,4.94,92,53,3.45,RU,2023-10-15 17:39:28
459,argostolion,20.489,38.1811,20.97,53,0,0.83,GR,2023-10-15 17:39:28
460,greenville,-77.3663,35.6127,16.18,69,100,1.54,US,2023-10-15 17:35:10
461,saint-joseph,55.6167,-21.3667,22.21,85,32,0.5,RE,2023-10-15 17:39:29
462,leava,-178.1667,-14.3,26.86,77,89,8.68,WF,2023-10-15 17:39:30
463,lubang,120.124,13.8584,27.8,78,96,5.57,PH,2023-10-15 17:39:30
464,walvis bay,14.5053,-22.9575,13.94,94,0,3.09,NA,2023-10-15 17:39:31
465,caldwell,-116.6874,43.6629,27.93,27,0,4.63,US,2023-10-15 17:37:19
466,lorengau,147.2712,-2.0226,28.53,74,100,2.37,PG,2023-10-15 17:39:32
467,la cruz,-106.9,23.9167,30.82,67,0,4.05,MX,2023-10-15 17:39:32
468,nevel',29.9284,56.0209,9.89,76,75,4.4,RU,2023-10-15 17:39:33
469,buka,69.1986,40.8108,9.75,40,36,1.59,UZ,2023-10-15 17:39:33
470,lejanias,-74.0216,3.5251,22.24,96,100,0.37,CO,2023-10-15 17:39:34
471,benjamin constant,-70.0311,-4.3831,31.07,70,40,3.09,BR,2023-10-15 17:39:34
472,chiredzi,31.6667,-21.05,22.33,69,100,1.41,ZW,2023-10-15 17:39:35
473,pocoes,-40.3653,-14.5297,20.44,71,5,4.24,BR,2023-10-15 17:39:35
474,moama,144.7833,-36.1167,12.21,77,74,8.14,AU,2023-10-15 17:39:36
475,ar rutbah,40.2848,33.0381,19.6,54,0,7.12,IQ,2023-10-15 17:39:36
476,vernon,-119.2691,50.2581,19.34,58,50,1.03,CA,2023-10-15 17:37:49
477,gaspe,-64.4819,48.8334,11.12,93,75,5.14,CA,2023-10-15 17:39:37
478,kenora,-94.4337,49.8167,16.54,44,0,4.63,CA,2023-10-15 17:39:37
479,mhamid,-5.72,29.82,25.31,22,88,1.59,MA,2023-10-15 17:39:38
480,broome,-75.833,42.2506,9.83,92,100,3.6,US,2023-10-15 17:37:40
481,lagoa,-27.9833,39.05,21.56,89,100,17.8,PT,2023-10-15 17:39:39
482,necochea,-58.7368,-38.5473,16.34,60,35,5.26,AR,2023-10-15 17:39:39
483,taltal,-70.4833,-25.4,17.16,74,46,1.86,CL,2023-10-15 17:39:40
484,daru,143.2092,-9.0763,25.94,82,79,5.77,PG,2023-10-15 17:39:40
485,prince albert,-105.7677,53.2001,13.97,44,75,5.14,CA,2023-10-15 17:39:41
486,lerwick,-1.1494,60.1545,6.0,71,76,4.3,GB,2023-10-15 17:39:41
487,chivhu,30.8922,-19.0211,18.64,68,100,4.58,ZW,2023-10-15 17:39:42
488,lanzhou,103.7922,36.0564,12.33,55,0,1.01,CN,2023-10-15 17:39:42
489,bayanhongor,100.1167,46.7167,-0.79,61,19,1.42,MN,2023-10-15 17:39:43
490,lisakovsk,62.4936,52.5369,10.61,79,89,6.24,KZ,2023-10-15 17:39:43
491,ulaangom,92.0667,49.9811,5.21,52,100,0.6,MN,2023-10-15 17:39:44
492,lubango,13.4925,-14.9172,16.92,63,79,1.03,AO,2023-10-15 17:39:44
493,antsiranana,49.2917,-12.2787,22.86,91,30,3.0,MG,2023-10-15 17:39:45
494,serinyol,36.2123,36.3556,18.79,93,40,4.63,TR,2023-10-15 17:39:45
495,san julian,-102.1667,21.0167,21.85,52,100,3.42,MX,2023-10-15 17:39:46
496,byron bay,153.6167,-28.65,25.95,57,1,6.04,AU,2023-10-15 17:39:46
497,monrovia,-10.7969,6.3005,24.87,88,100,3.35,LR,2023-10-15 17:39:47
498,icmeler,29.3089,40.8464,19.08,77,0,2.06,TR,2023-10-15 17:39:47
499,the pas,-101.2541,53.8251,15.01,47,0,3.6,CA,2023-10-15 17:39:48
500,queenstown,26.8753,-31.8976,11.78,87,100,4.42,ZA,2023-10-15 17:39:01
501,banda aceh,95.3222,5.5577,25.99,83,100,5.24,ID,2023-10-15 17:39:49
502,barra dos coqueiros,-37.0386,-10.9089,27.01,65,20,5.14,BR,2023-10-15 17:39:50
503,verkhnevilyuysk,120.3167,63.4453,-10.59,79,100,1.79,RU,2023-10-15 17:39:50
504,connellsville,-79.5895,40.0178,12.4,70,100,2.24,US,2023-10-15 17:39:51
505,corner brook,-57.9484,48.9667,11.09,90,74,0.85,CA,2023-10-15 17:36:07
506,tionk essil,-16.5217,12.7856,28.03,85,98,2.33,SN,2023-10-15 17:39:52
507,tan-tan,-11.1032,28.438,22.44,75,99,2.31,MA,2023-10-15 17:39:53
508,ambon,128.1814,-3.6954,27.71,95,40,2.06,ID,2023-10-15 17:39:53
509,okha,142.9478,53.5739,8.83,90,99,8.25,RU,2023-10-15 17:39:54
510,thai binh,106.3333,20.45,22.37,84,96,3.36,VN,2023-10-15 17:39:54
511,flekkefjord,6.6607,58.2971,6.08,80,73,5.3,NO,2023-10-15 17:39:55
512,suva,178.4415,-18.1416,26.71,69,75,4.12,FJ,2023-10-15 17:39:55
513,pensilvania,-76.9057,40.2724,14.36,63,40,5.66,US,2023-10-15 17:39:56
514,salaqi,110.5108,40.5414,10.07,43,2,2.42,CN,2023-10-15 17:39:56
515,sergeyevka,67.4158,53.88,8.72,73,100,5.51,KZ,2023-10-15 17:39:56
516,tucuma,-50.05,-0.1833,28.09,73,99,5.25,BR,2023-10-15 17:35:04
517,puerto baquerizo moreno,-89.6,-0.9,27.55,69,40,4.63,EC,2023-10-15 17:39:57
518,puerto quijarro,-57.7667,-17.7833,35.82,27,75,0.75,BO,2023-10-15 17:39:58
519,aleg,-13.9209,17.0481,35.11,12,0,3.17,MR,2023-10-15 17:39:58
520,mawlaik,94.4167,23.6333,20.95,93,1,0.19,MM,2023-10-15 17:39:59
521,acapulco de juarez,-99.8901,16.8634,30.9,74,100,2.06,MX,2023-10-15 17:37:02
522,xinyuan,99.0,37.3,-5.17,60,36,1.27,CN,2023-10-15 17:40:00
523,polyarnyy,33.4478,69.1989,3.84,90,98,5.66,RU,2023-10-15 17:40:00
524,sorong,131.25,-0.8833,25.85,86,100,1.9,ID,2023-10-15 17:40:01
525,kharp,65.8081,66.8014,-1.17,98,100,2.76,RU,2023-10-15 17:40:02
526,sirte,16.5887,31.2089,22.81,63,0,2.75,LY,2023-10-15 17:40:03
527,veraval,70.3667,20.9,25.71,83,0,4.2,IN,2023-10-15 17:40:03
528,salinopolis,-47.3561,-0.6136,27.17,81,28,6.95,BR,2023-10-15 17:37:45
529,makushino,67.2442,55.2103,7.68,82,99,5.38,RU,2023-10-15 17:40:05
530,carbonear,-53.2148,47.7332,12.92,84,100,3.49,CA,2023-10-15 17:40:05
531,cannonvale,148.7,-20.2833,22.66,67,22,1.56,AU,2023-10-15 17:40:06
532,flin flon,-101.865,54.7682,12.91,58,20,2.06,CA,2023-10-15 17:40:06
533,pelabuhanratu,106.5514,-6.9875,25.31,86,93,1.33,ID,2023-10-15 17:40:07
534,dakhla,-15.958,23.6848,25.01,61,100,5.14,EH,2023-10-15 17:40:07
535,byalynichy,29.7126,53.9983,6.94,68,100,3.69,BY,2023-10-15 17:40:08
536,paphos,32.4167,34.7667,19.88,77,40,1.03,CY,2023-10-15 17:40:08
537,marsa alam,34.8918,25.0757,26.15,49,0,3.66,EG,2023-10-15 17:40:09
538,murzuq,13.9184,25.9155,22.86,23,0,2.48,LY,2023-10-15 17:40:09
539,callao,-77.15,-12.0667,24.29,73,100,5.66,PE,2023-10-15 17:40:10
540,al jubayl,49.6583,27.0112,30.22,49,0,3.04,SA,2023-10-15 17:40:10
541,grand falls-windsor,-55.6649,48.9332,11.95,80,89,2.27,CA,2023-10-15 17:40:11
542,san patricio,-97.5169,28.017,27.97,25,0,7.12,US,2023-10-15 17:40:11
543,kemijarvi,27.4306,66.7131,0.85,98,100,3.81,FI,2023-10-15 17:40:12
544,neryungri,124.6491,56.6709,-9.31,98,68,0.64,RU,2023-10-15 17:40:12
545,salinas,-121.6555,36.6777,32.77,59,0,6.69,US,2023-10-15 17:35:27
546,coquimbo,-71.3436,-29.9533,15.85,72,0,5.14,CL,2023-10-15 17:40:13
547,horta,-28.6333,38.5333,22.23,91,100,11.62,PT,2023-10-15 17:40:14
548,bonthe,-12.505,7.5264,25.86,87,92,2.47,SL,2023-10-15 17:37:50
549,selfoss,-20.9971,63.9331,6.69,90,100,5.89,IS,2023-10-15 17:40:15
550,yuzhno-kurilsk,145.8556,44.0306,14.1,69,100,4.05,RU,2023-10-15 17:40:15
551,mingguang,117.9638,32.7802,16.94,63,0,1.15,CN,2023-10-15 17:40:16
552,'ain el turk,-0.7693,35.7438,19.5,72,0,1.54,DZ,2023-10-15 17:40:16
553,luwuk,122.7875,-0.9516,25.15,84,12,2.13,ID,2023-10-15 17:40:17
554,dolores,-57.6792,-36.3132,14.09,75,0,5.34,AR,2023-10-15 17:40:17
555,jumla,82.1838,29.2747,7.34,86,67,1.45,NP,2023-10-15 17:39:03
556,vilhena,-60.1458,-12.7406,32.12,48,20,1.03,BR,2023-10-15 17:39:34
557,extrema,-46.3183,-22.8547,19.39,94,18,1.94,BR,2023-10-15 17:40:19
558,shingu,135.9833,33.7333,15.99,83,0,2.91,JP,2023-10-15 17:40:19
559,inhumas,-49.4961,-16.3578,31.85,55,58,0.28,BR,2023-10-15 17:40:20
560,monforte de lemos,-7.5142,42.5216,15.87,90,100,0.93,ES,2023-10-15 17:40:20
561,selkirk,-96.8845,50.1436,16.15,52,6,2.24,CA,2023-10-15 17:40:21
562,dauphin,-100.0502,51.1494,14.08,54,0,1.03,CA,2023-10-15 17:40:21
563,melfort,-104.6177,52.8667,13.07,44,61,6.69,CA,2023-10-15 17:40:22
564,katabu,122.5167,-4.9333,23.76,86,48,1.73,ID,2023-10-15 17:40:22
565,el calafate,-72.2768,-50.3408,8.32,61,58,5.97,AR,2023-10-15 17:40:23
566,gereida,25.1414,11.2811,30.31,26,100,2.69,SD,2023-10-15 17:40:23
